category,lifespan_days,market_total_volume,market_spread,trade_size_avg_usd_last_2500,trade_size_std_usd_last_2500,trades_per_hour_last_2500_trades,price_volatility_last_2500_trades
Crypto,6.989554362604167,587586.234048,0.001,111.61331050244775,425.16872040074753,66.69680374094962,0.18095570832829608
Crypto,6.993177282893519,1000.0,0.06,105.65536286476802,316.5693861726618,1.0344056259445227,0.04468448316729704
Crypto,6.988245333333333,167906.400733,0.001,80.18020686595062,437.39299136264884,7.344647057335796,0.3388049277291246
Crypto,6.985609806597223,162244.171316,0.001,91.2245680662507,319.70265255260665,5.877443443883154,0.23148157854589113
Crypto,246.512192332338,76541.63476,0.002,217.51168277074024,1530.6013273348142,0.05383780647401209,0.25414337273607984
Crypto,6.98464211207176,401070.149302,0.001,1280.684875250465,1680.8620325841289,1.83527062183019,0.12166706298448139
Crypto,7.032223872835648,111369.250338,0.001,74.8826914762097,252.51543134844871,3.449328148840872,0.26337495602215993
Crypto,6.9914109080439815,1089735.332913,0.001,167.90507610726348,783.4584238724971,92.41384975561671,0.19234826493167426
Crypto,6.988807287997685,195370.171257,0.001,103.50508122095546,416.19008142319814,9.881752816211424,0.2170392170092728
Crypto,6.985677027696759,296729.4775,0.001,3504.740228012102,2152.950017765091,1.1959510572639618,0.0008607991606366005
Crypto,6.994177475034722,179427.674917,0.001,237.72453525317061,1377.7011231784402,3.255306080666075,0.16547909843125747
Crypto,6.996880195381945,221984.903566,0.001,57.41540882498069,233.29153336385335,8.399407645080677,0.16425595743766097
Crypto,6.992678185451388,133250.148783,0.001,141.6633948343299,522.6826073895204,4.398771852872987,0.1135840449343502
Crypto,6.989374897731482,14068.390298,0.001,100.54052457719345,321.22027521181735,0.4831155281193651,0.20574419640754832
Crypto,6.992424239953704,70153.961374,0.002,121.96873399037851,461.7884272690557,1.1924284054256578,0.042918041315321294
Crypto,7.0342544690740745,30726.352208,0.001,647.8061626370055,1063.9103914064908,1.0657394984977608,0.00282678090417414
Crypto,7.037093573888889,84721.772215,0.001,177.2203380039062,456.3454585060478,4.921023155873546,0.3882108779225457
Crypto,292.85098323231483,990197.101115,0.001,236.29195237439862,1262.7946161419125,2.178379774373105,0.009520266261428765
Crypto,6.975385912881944,446694.026834,0.001,2349.414891244866,1689.0160285937525,1.2643566502021326,0.013121405544977413
Crypto,6.989571342268519,78719.568642,0.001,197.5148405383406,593.866794927538,1.4022935999107633,0.22023357041459501
Crypto,6.988163594837963,430279.279963,0.001,152.28609564697993,663.2941515450393,9.712642688658942,0.19297924847126285
Crypto,6.993177983599536,745.5,0.027,116.36699816901594,197.08149651548246,0.9340425137604477,0.0058846215755144855
Crypto,10.06817232650463,382321.619788,0.001,187.70453555325435,1054.0083717387784,3.64843860685075,0.22873316815650516
Crypto,6.992305289456018,161876.518313,0.001,126.07658854864727,536.8295604640225,2.3068910977664046,0.004569208456055396
Crypto,29.602373374467597,47411.821902,0.001,225.9773506879468,853.7928751526637,0.21313579592010723,0.2076475331521091
Crypto,30.15379255644676,923146.810885,0.001,142.88333512489987,574.5154613808065,5.963898534206272,0.23783000414450867
Crypto,6.987343107789352,7384.795978,0.012,567.6077576955878,1333.5316350136727,0.442973414461905,0.09233958763938786
Crypto,6.987492002534722,299395.355775,0.001,106.4314172229744,953.4949219728863,1.1033684613159018,0.005072066581569118
Crypto,6.989516940069445,323300.623443,0.001,2752.6018756838016,1399.8505985744282,0.7471078836555074,0.028494309425716582
Crypto,6.2973995525231485,17290.881352,0.001,48.13228895895918,245.01786993230232,1.2720602879481924,0.05844487915681791
Crypto,6.992587692604166,670792.414459,0.001,85.25794654362493,418.56591396721325,89.95861903524379,0.15612652569324562
Crypto,7.028680922060185,185535.400117,0.001,157.63356050667977,629.9077862446064,5.69905655348862,0.1795383944376314
Crypto,7.028679696689816,791931.98925,0.001,119.5333428144926,920.6087096852997,98.13542688910697,0.18214723054865645
Crypto,6.988248734444445,107081.056225,0.001,104.507937577487,595.5554542725986,9.766174801362089,0.27237794846681773
Crypto,6.988788591412037,56469.478685,0.001,222.94337202414818,600.6426533056035,0.2545600044151329,0.03531758114147219
Crypto,361.7866824162616,266384.336536,0.002,70.11924052718345,569.9589874228867,1.1482843356154422,0.025396830146135797
Crypto,6.988244601319445,55420.534989,0.001,20.806860499074237,157.22621003721986,16.766128630084612,0.0017312479083835721
Crypto,6.985903831354166,236715.167197,0.001,184.47818435144163,1056.910787582677,3.769404410487932,0.20964304975300369
Crypto,6.985837963472222,350512.595478,0.001,269.5148242406065,704.8397746327942,4.167808762641199,0.1233211649706127
Crypto,6.992756321817129,155610.999171,0.001,299.0265916850732,1481.6197031933905,2.1856528969162126,0.00923073806745539
Crypto,6.990479661736111,96406.828418,0.001,337.3630340961056,837.5584655460608,1.128196426685412,0.015861154058875004
Crypto,7.0331079843634265,460582.737215,0.001,94.79277145957325,368.5384953610641,14.898605007210765,0.2733150597764851
Crypto,366.5539697673033,1394271.205291,0.002,155.524646865687,1132.1595449168392,1.797626414082845,0.011998582651145744
Crypto,6.984950914976852,30031.3772,0.001,1350.1934234999221,1971.213407878309,0.24349975557789688,0.006674853841219111
Crypto,6.984957902488427,38648.64757,0.001,142.26566186335563,382.9585670893706,0.7488306677073454,0.249332353589811
Crypto,6.989796816111111,40579.943,0.001,291.6473999064729,878.5731693418079,1.236275953395065,0.0011917792538288343
Crypto,6.991400168981481,93375.300141,0.001,99.73660892313657,419.9463084421755,4.383784475353207,0.27525809465164197
Crypto,6.991069770949075,215256.960236,0.001,110.5217770792812,642.7466383109349,8.094831761260119,0.19972565550703114
Crypto,6.988162567280093,166689.815588,0.001,138.81872301918284,566.5716057394808,9.044428772919606,0.22174542457523724
Crypto,6.990268619050926,20102.406666,0.001,222.1460650000351,459.2476382969354,0.7609734578339828,0.012238486229546387
Crypto,6.987510774872685,110126.565998,0.001,74.42703686858002,247.88616854050218,4.306436231617339,0.21647339983798142
Crypto,6.978911131770833,106955.470858,0.001,150.75190171563736,403.2509238879382,2.1642419141517375,0.22595681337853651
Crypto,26.18306135039352,1403.547573,0.05,43.11430378365907,175.53691088839253,0.30547997126225457,0.07612929669141894
Crypto,6.992341862685185,140087.223066,0.001,123.07293187650696,441.12908475322166,5.29959344181712,0.21899015105282413
Crypto,7.031637341377316,44767.394055,0.001,49.58760725952095,175.08746330195382,0.8190893319302637,0.11476093096148632
Crypto,6.99613909193287,168087.847006,0.001,74.91744713946471,505.3305290787334,6.992861179853272,0.18820493241401245
Crypto,6.992295809224537,1634136.7527,0.001,4499.163151108463,4046.71131022221,2.291827451426702,0.015035383823248618
Crypto,366.5539686064236,434897.405807,0.002,114.93112666149577,1266.8615129786144,0.9821202820169302,0.006711175238323779
Crypto,187.17329190185183,5019700.887535,0.01,870.8008167376313,8447.700766615768,30.553009471432937,0.005634224007075254
Crypto,187.04418396894675,49117.734206,0.003,41.19938965641007,180.80507562326534,0.18328565236560498,0.20791933477578547
Crypto,6.985647465648148,25647.597499,0.001,528.0704328915476,1184.7912170822565,0.2575351258963943,0.020978006468019002
Crypto,6.984951147210648,23630.018085,0.001,156.93872551768396,535.2630773154933,0.7703039949694434,0.22900598935182867
Crypto,6.986185380555556,235399.172303,0.001,787.4736990995137,1398.0100665372827,1.9584494907751147,0.03635287557181981
Crypto,6.99047907837963,161866.54185,0.001,146.34018350874956,567.2538422769297,9.131229052690125,0.10465392679751717
Crypto,125.00329792061342,16122.3582,0.01,106.9163617929329,274.61059220585275,0.14653884489545355,0.12038605514567169
Crypto,6.9924046549421295,192521.307998,0.001,41.1960707813695,166.15417442016505,7.579429929749347,0.1390615545293515
Crypto,6.988788771689814,58681.872378,0.001,409.9515949767268,907.4327740110823,0.36550416037879524,0.021385337007906517
Crypto,6.98734323923611,753.308569,0.019,317.5044079650824,781.692862584087,0.5609601484561201,0.029018378604896384
Crypto,6.9902335863194445,82641.333985,0.001,95.1652870760774,331.2928713667177,7.541600633914421,0.17891335510484171
Crypto,6.990594116307871,755937.187752,0.001,227.10788468642187,660.32208639985,10.241446756661428,0.21364711508337
Crypto,6.246686902152778,599.599486,0.03,65.17084834376165,253.60193050231126,1.3457306542761116,0.2755248291583465
Crypto,6.987895374155092,1160.833635,0.05,33.71240362662774,143.77150838761753,2.9357008918670062,0.09321123118109673
Crypto,6.995921743472223,888432.465212,0.001,183.44788847886377,912.0313872066807,64.33534440854373,0.3697783763978722
Crypto,364.7140566434607,2274188.684704,0.001,2600.117377362179,23845.82536199833,20.27903958468527,0.0006389652433452477
Crypto,7.028680515219907,70878.016972,0.001,49.717528201740826,187.9374120280431,3.4626586602423504,0.035841127641158814
Crypto,6.992366917951389,24025.31089,0.022,108.16864857408966,476.178637179736,1.7333844091170274,0.06849476824382303
Crypto,6.991583914502314,104059.817583,0.001,587.4365535783053,1228.150541169146,1.6815000047661564,0.0022343583780781795
Crypto,6.989497438437501,372541.375263,0.001,2524.9351720340323,2422.782705009309,1.055442880379124,0.013315464974335101
Crypto,160.35754788104165,22712.404622,0.08,16.959659674013455,92.13588213156207,0.4499399564662906,0.11692153995578895
Crypto,316.74466420190976,75069.77777,0.007,111.72382394829367,290.97480309764194,0.05787957541124266,0.12240492657882295
Crypto,6.987566976319444,74635.936207,0.001,957.7569791922228,1495.9038893577167,0.6085390511731931,0.001693272902810581
Crypto,6.996220980775463,678358.842904,0.001,131.9793928160782,493.04282422164925,12.704279223065392,0.15468380504004683
Crypto,6.995922238923611,83127.384111,0.001,127.48878537438672,414.32617355873094,2.413254808997052,0.12455377265817777
Crypto,7.03981841994213,121117.607771,0.001,95.78654602468329,329.4278546022625,4.1666070380811995,0.26576082465056255
Crypto,6.991139493599537,612592.282501,0.001,143.04284892664967,572.1255547815042,11.811491551211262,0.12595522815251872
Crypto,307.81554196399304,526238.043778,0.006,271.7029725989759,3415.4783475745585,0.13163395769082087,0.14981012956501685
Crypto,8.048918014421297,507.395404,0.04,62.148259554129346,292.35179183044323,1.3825217714225602,0.23780665435112197
Crypto,6.993177332268519,10788.298927,0.03,124.49130817859145,573.4118803852786,13.50657153586181,0.1386473217946569
Crypto,6.992294405057871,139497.115049,0.001,165.0512910607817,888.1563349298427,1.904816877831972,0.0013001957749336638
Crypto,6.995277296203703,5615.562117,0.032,172.46914861378946,494.6554629506416,0.9350776226853242,0.036903259599436807
Crypto,6.991460563113426,142315.571877,0.001,114.94124904850463,388.0974740934459,4.498745333865555,0.19167317027190592
Crypto,6.989421959641203,220667.468717,0.001,74.38146138999639,348.2965059729621,2.4564947531554315,0.0027446744175955336
Crypto,7.028699544386574,25442.114662,0.001,318.83716354613495,687.1553993235705,1.1286632051394878,0.01098130116705833
Crypto,6.99026864994213,99756.483172,0.001,1065.5599928857655,1826.608267528903,0.48986584457243815,0.05996075613461499
Crypto,6.97887456082176,423066.993288,0.001,202.5630492529943,583.4020606429667,8.069034235114964,0.14583813563644996
Crypto,7.033247991423612,89670.322092,0.001,83.73220710330177,316.8212660377385,5.774967449883809,0.22128503547206446
Crypto,6.991139269039351,152010.487769,0.001,1129.9323988092483,4578.587566518031,0.8937455544237055,0.004903067878195551
Crypto,6.986117461967593,23995.679445,0.001,116.32456134852156,403.3168173638258,1.4431882544189365,0.31274974485800733
Crypto,6.995278561203704,195951.58675,0.001,1922.1600511798729,1715.4293086314035,1.0615085215545204,0.00340962596070139
Crypto,6.988383647997685,3207.170406,0.013,386.2588163875623,495.0155615111845,0.1736478288455759,0.006353895565098408
Crypto,7.032214317766203,133956.874117,0.001,83.61207487391925,332.313110003718,4.175903181355221,0.2979728091481943
Crypto,6.98527337130787,24783.160382,0.001,335.95713319141737,648.7038056917115,1.5813032504566815,0.00881779825930676
Crypto,7.028680328796296,43851.27386,0.001,49.87814265433434,217.44826105272108,3.205887937977593,0.11409402387483711
Crypto,6.991401765787036,364897.611885,0.001,89.91476685338296,271.74079723624504,11.703818801171339,0.19428804108334433
Crypto,6.991726493726851,10146.2855,0.001,149.03692854410428,360.58867243039623,1.6023668948904917,0.0017069720973020095
Crypto,6.984952892997686,1127629.787027,0.001,920.1337198466894,3281.438970824824,8.62345568702727,0.05815510223178695
Crypto,6.987510676458334,203171.611627,0.001,130.38034745442388,533.1532560811595,3.598549937363502,0.0503317177339723
Crypto,30.25700947087963,2389013.243188,0.001,367.8922791805171,2501.2819266472266,3.4771714922048997,0.35619076480702777
Crypto,6.994234687824074,925765.448409,0.001,185.0435809077848,1171.73220550768,79.95735607675907,0.1204432931440786
Crypto,6.986953691273149,289442.836717,0.001,1910.9458699516713,3181.261479940423,1.084652939753801,0.08688994094143668
Crypto,29.610576769375,205434.583288,0.002,1612.5092544827983,9495.632851728116,1.087512901628752,0.12779464274625688
Crypto,6.99374381917824,27172.024125,0.001,92.3558890128897,284.2597387758191,3.4630479952799935,0.012506928601503944
Crypto,6.988244338321759,56678.981791,0.001,1600.7226599384517,2014.106743737086,0.25385520557423724,0.005640301158099257
Crypto,7.039818127650462,303648.300726,0.001,380.94083531282433,1155.100259005081,0.49517547780994886,0.009927128115211558
Crypto,7.032341399432871,339029.714874,0.001,118.9080818506699,502.96638626179504,9.375823228412457,0.21718715148175607
Crypto,6.988807422210648,14970.638417,0.001,103.00170122370828,397.9043065847491,7.243844320889594,0.18061327826326737
Crypto,7.028680358831019,45991.833813,0.001,945.5677148510719,2109.7725248384845,0.28796911990714186,0.019716957558086477
Crypto,7.675107903854166,13111.106722,0.001,48.09052761633972,123.67035661280241,0.6758532647467428,0.10464296147740722
Crypto,6.9874916712731485,1171015.591717,0.001,8164.227210279323,7714.230363562043,0.952560700764935,0.009265839508346451
Crypto,6.989374556516204,438976.212828,0.001,4365.0932345500005,3625.49397793544,2.39026365936087,0.010274682766912109
Crypto,6.989851046273149,387.9859,0.026,205.58233623546036,712.5813596188443,0.20964791482539616,0.007655226907898131
Crypto,6.989422483518519,45560.802586,0.001,151.52481388377493,802.3150490184192,1.2978269962355846,0.003027666503521173
Crypto,295.6301305644444,292255.081071,0.01,66.10156587372329,209.49026380550322,0.3377423565269297,0.1659141766384991
Crypto,6.9952790712615736,156684.641538,0.001,491.8645602195193,1424.4631357022897,1.9712963271286337,0.025384627426158712
Crypto,173.54828872162037,1049773.581556,0.002,204.5487528162497,955.9668220981259,2.587653900715745,0.012155646438740975
Crypto,6.985269427222222,46404.732817,0.001,510.42600085932156,1228.8540942641864,1.4714334981032304,0.05891208460773176
Crypto,6.115413022465277,6716.644031,0.001,23.607596945999905,79.90073146683159,1.5392774279085184,0.05601553561533383
Crypto,6.9856475219907415,20355.422418,0.001,494.6194927956417,848.4894789925703,0.6157947822599197,0.022672624996290726
Crypto,6.992368144155093,25858.342803,0.002,165.85721010586002,333.5967050560983,0.2896648103838906,0.030058012750410375
Crypto,6.98563600636574,22286.131259,0.001,354.9497202617078,564.7019709598387,0.4969704608680777,0.010217438011997818
Crypto,6.989757994710649,5022.349,0.002,158.6127540766002,348.71252258589726,0.5153939055771934,0.021699121802727376
Crypto,6.986952591423611,61050.958664,0.001,206.7403175167247,517.2773849671004,1.0650694255377076,0.1943516984463042
Crypto,7.033175441388889,24905.369333,0.001,2242.9807551819085,3469.0012947108166,0.1276842716192687,0.007920055096227098
Crypto,6.989333187025464,371399.872847,0.001,1635.3590730957415,1962.205584395336,1.373421519018073,0.021711242836449558
Crypto,6.985164726898148,29389.090779,0.001,186.57653876235184,444.0636899650499,0.917442882809414,0.07206736382344849
Crypto,6.988377489050926,55118.987813,0.035,145.00837216332323,808.7872981736062,7.501267448541588,0.13315041690829552
Crypto,6.991112840520834,254948.897101,0.001,70.27806080098118,404.3950260669867,12.25599951913685,0.13025385332860145
Crypto,6.989924035509259,11370.073845,0.052,163.0492114721059,658.913707551985,2.412323097944512,0.008776155695313873
Crypto,6.991550530949074,181942.445763,0.001,158.66887025402815,421.70607293321683,1.4418091742515264,0.02063086038322878
Crypto,6.989553924340278,267776.043554,0.001,131.3283340789684,662.4807507942513,6.527290936404607,0.11194810403825617
Crypto,6.987510741226853,54794.174345,0.001,558.6168916943953,3047.1802738752826,0.4460291020222739,0.24581032607314363
Crypto,6.9789108565625,68222.43846,0.001,151.90690088345897,356.1988215050392,3.137006376995287,0.09363989657085649
Crypto,6.987895261377315,88.217,0.037,325.48752127370375,845.6343892872815,0.13867415600492364,0.008261802925205597
Crypto,6.97538834894676,416722.187306,0.001,4170.860472700052,2360.511859664038,0.6970299585735088,0.013035021268350495
Crypto,6.990720014016204,262852.963497,0.001,304.3241990468652,1428.0887336356002,3.5787844514554434,0.2195006331500231
Crypto,6.989850911620371,16.470587,0.06,46.051652004958655,130.53326786275645,5.164956810515397,0.2904104845562161
Crypto,7.0322212129050925,13906.764899,0.001,143.7892256220411,571.8560198144496,0.516494051878958,0.005658673665937119
Crypto,6.97891134474537,944122.837838,0.001,158.36847889790278,531.8536381855379,98.57180408306317,0.19223308293276667
Crypto,6.988163479398148,48795.1987,0.001,51.61729150909394,211.75641987528732,1.5029472934309251,0.05374824388894292
Crypto,308.5932278150116,133478.497356,0.001,109.57838140566734,458.52137644137196,0.11497134907840774,0.03744188151446169
Crypto,6.987510934131944,556105.467966,0.001,74.26244170921628,287.1870388829641,133.4321719792439,0.1797858207346732
Crypto,188.10245754324075,2498162.231166,0.001,327.12202421759883,3391.4637178360995,2.1362464772702188,0.010628301312299873
Crypto,6.988248652256944,61569.021294,0.001,65.0409113325692,337.03357203832564,1.6977869382194197,0.2620529718504678
Crypto,6.992627914837962,11593.484548,0.001,56.63862849014232,258.80561874799287,0.7251614432134605,0.03519283891463041
Crypto,97.9698027250463,317106.755048,0.005,59.869394293352315,251.07810819982768,0.874734286378685,0.04460072387623844
Crypto,6.988779544780092,31177.11608,0.001,756.6748030573691,1686.4293558461472,0.455758838466046,0.027943274425944253
Crypto,6.991401562696759,74087.658872,0.001,503.0478538335071,1056.6507744352082,0.5818700241616969,0.3185893889828835
Crypto,88.18078765810185,17709.650401,0.026,78.16609211986983,290.7255111495611,0.07817801023700213,0.04159326417057872
Crypto,6.991583544745371,137151.037268,0.001,103.60057873622367,376.47182015260194,3.8785964513117697,0.1686550176506978
Crypto,6.995402894548612,201917.048957,0.001,106.980027137084,338.19953879261726,5.752263622258758,0.16804691511816455
Crypto,6.996682361481482,29327.313823,0.001,304.80551600633714,972.5815440858482,1.3619902377578335,0.022951741322645502
Crypto,6.994085372141204,431574.645193,0.001,74.47784361404509,280.6099690952499,33.41203724328418,0.2484847243785993
Crypto,6.9852708217013895,16722.192008,0.001,442.28983802897017,1275.5084722993051,0.8005860499188948,0.045275079787424455
Crypto,7.031663668576389,191143.857461,0.001,353.8491123102092,607.6822012463596,2.266677771300075,0.09490813583371568
Crypto,6.992367274791666,121406.79309,0.002,414.6307472303948,1158.5378674245255,1.4381678466759993,0.05340126909322041
Crypto,6.993175503460648,26.0,0.02,230.0430858664951,437.7383483690008,0.1117011043929562,0.011514146725590955
Crypto,6.994862167453703,7449.026264,0.03,179.07638327049685,950.8575432279115,2.0837759572805856,0.1370021864363602
Crypto,6.985229311168982,30917.115082,0.001,386.5544813585148,921.6946681503168,3.8366748817691336,0.0010076381109247676
Crypto,6.992366952534723,44930.160432,0.001,589.5472452613785,842.821636578288,0.262652638046233,0.0049980923796903234
Crypto,6.985677568761575,468990.834166,0.001,7214.377543609194,6211.316236442378,1.27936031984008,0.0007381783236585401
Crypto,7.037093521331019,608496.625329,0.001,200.54494885670005,1305.778821633903,10.04354926510615,0.21455940161091863
Crypto,6.998316420763889,286258.384303,0.026,199.10693624333476,764.2565656816271,8.87630810890634,0.09010748862819964
Crypto,6.989554252939815,93687.810114,0.001,89.87626572484118,265.35533441551553,3.0247006112693415,0.24616198418854393
Crypto,6.992341224525463,264594.186605,0.001,135.6642041503063,582.1620121634699,6.260321968235349,0.1344539819446034
Crypto,6.990719635844908,76030.529678,0.001,290.0197492009067,492.4241073640019,0.7755512843385093,0.24302848024051954
Crypto,6.989923885023148,97.118833,0.031,633.1584478112695,499.24420733649157,0.09865175928970733,0.008552101794258218
Crypto,30.153791033831016,13588620.834388,0.001,240.01095443446343,3758.1697656734445,20.953573864840138,0.0002564899155180121
Crypto,6.989553987268518,22896.848756,0.001,119.02165104556045,505.8284236790021,0.5106532840288783,0.011371555318869025
Crypto,21.236583322337964,123746.753437,0.001,112.69207088091318,616.8609561631877,4.63852777513699,0.11043207187860639
Crypto,6.988788684907408,436233.261321,0.001,92.94594520243493,419.5959753678267,8.3196380266705,0.22797029735512842
Crypto,6.9852396688078695,79828.791276,0.001,172.38399158693875,483.83602895834434,1.7056636781106496,0.07195363542974693
Crypto,6.990804419953704,16943.568815,0.037,435.561927202444,1052.6453687636802,0.49074962742450395,0.07523649137302013
Crypto,6.996681902418982,131240.738317,0.012,232.7584566404603,717.9899469044827,5.0238186590247755,0.155486527521268
Crypto,6.115409469861112,40960.665881,0.001,38.025631624770085,155.37178417215253,2.871611557938636,0.2560931286662515
Crypto,6.992294626550926,915944.606023,0.001,2043.9666338291893,2040.0655211171654,2.5406431828105487,0.023103012620103246
Crypto,5.411365479502315,292.2706,0.001,13.256478143199287,11.515932046638957,0.09670623179562748,0.2961723720608539
Crypto,6.989712035914351,12026.03928,0.003,409.8928894696361,895.6295409493206,0.5468335335363299,0.07744375657449257
Crypto,6.989795949409722,12977.906,0.001,75.58261727904299,267.7079235553001,0.6765024647764221,0.00036989544090710815
Crypto,6.997057167708334,607912.663663,0.001,422.9016768896463,220.6956604946216,9.202350965575146,0.009495928966260113
Crypto,6.988383371516204,13.513554,0.013,99.27607382759442,411.0662606067784,0.32002157999926434,0.0032557203373942733
Crypto,6.994859414189815,30.2255,0.017,149.26775691666816,412.73727988335617,0.4540044612243933,0.004544595999919833
Crypto,6.985273591967593,603395.562181,0.001,139.60393920104866,282.2838030125555,3.3529929290625304,0.0036832317986671952
Crypto,6.990234080555555,792492.751056,0.001,82.77298543169289,539.0030993950071,153.8040877708661,0.11439750214225615
Crypto,6.993119987222221,689500.744813,0.001,314.5422875329051,1265.8510976425841,6.728812179434991,0.23548428932396856
Crypto,7.028774992372686,36672.08393,0.001,274.16935836992604,1423.353284070992,2.448131473727293,0.00907834982977852
Crypto,6.9898971884375,12687.907665,0.001,102.85490681187501,391.5127827095163,0.2897223996660145,0.008127643800634967
Crypto,6.988807378043981,59130.404022,0.001,129.5790048963974,502.68946973037765,1.7542196452881418,0.25418279201075195
Crypto,7.034282848078704,26465.005122,0.001,229.87266221719491,816.4315821191174,1.7721717665356325,0.21411240451586858
Crypto,6.985869249733796,30292.689764,0.001,168.4509780852879,498.9993933231754,2.756577249914689,0.2398832305504991
Crypto,7.03166371755787,48317.673833,0.001,277.9165911825266,668.5890796911029,0.722528220486293,0.13838089259320938
Politics,62.20503316739584,224387.923873,0.001,82.81596163573832,205.66390589955128,1.514462126830663,0.18530706031855657
Politics,47.02726740226852,21658.620289,0.039,19.044655781090693,171.29120558071807,0.3436888550829034,0.01716317754495437
Politics,34.9619540297338,50364.291144,0.143,45.82937785460248,119.85605366978501,0.5936675461741424,0.2072354360424807
Politics,180.14077155056714,212630.34937,0.004,76.64598316940109,552.5929109584564,0.3821028593035578,0.05940520401054185
Politics,5.321950289016204,17738.903724,0.001,77.98813023247652,333.70815745142954,1.0678785707889316,0.32901688475463975
Politics,8.076686276770833,24794.290688,0.001,110.48705357712008,351.8903765269171,0.6784169046539277,0.20914712475609967
Politics,7.1307516096875005,5497.57548,0.03,86.47760682458552,201.50231626964606,0.8822979624898747,0.28459123161879474
Politics,102.25529314844908,34015.082994,0.001,58.860103184681556,462.621808075929,0.7225267702193853,0.15452690373938455
Politics,10.49155844050926,1833588.786947,0.001,158.7693429513132,864.1342199455753,54.378693219581166,0.021707464900275232
Politics,307.8236014257176,55468.538807,0.005,48.26439107213496,191.8134093790515,0.07684113751292503,0.1759177116765846
Politics,323.64772623405094,907442.943064,0.003,169.82449256933072,674.3645470733873,0.29169653883839014,0.05853799650013558
Politics,366.55539066501154,9771155.068067,0.002,161.90961135830423,1492.2499374490537,8.000554705126222,0.023917452143879265
Politics,340.56572614306714,618768.307628,0.001,53.869694223765094,290.55670188764805,1.092390239663136,0.012029088690502223
Politics,314.58955942740744,2497004.225311,0.001,290.40548824620987,4089.261477749245,18.404155249274055,0.01895223515024331
Politics,30.01907296883102,283779.136107,0.001,83.50108598136717,367.15435792693376,0.9091410623957265,0.29259361736639156
Politics,68.99002516818287,268893.855355,0.01,115.21755210404119,367.36597860718337,5.58611366624088,0.2950438791573423
Politics,10.487103686458331,497395.701776,0.001,210.62021339651596,1485.3750346779234,5.380548165973089,0.0021377073260978167
Politics,281.7749328886805,19029.343517,0.055,63.19738213194961,182.90861721418202,0.03349195838488924,0.08755339537190548
Politics,347.7243332694097,825825.719987,0.004,263.26073657858007,960.9088461096516,0.3217318036535149,0.03319787407260849
Politics,42.15575808649305,11218.769541,0.021,79.06061360544022,317.37033463429015,0.5143897823826612,0.052525193397457794
Politics,246.3371619021528,172302.574568,0.005,81.18611502211458,214.05713863945368,0.16794045083411688,0.09900333872359568
Politics,36.282853905439815,6879.414363,0.03,102.39407975956075,386.4529547142798,0.5199008973556,0.08969854670226919
Politics,62.99412298332175,227249.583729,0.001,102.72011790398284,650.1008096778102,1.6726070934907498,0.11721511957947582
Politics,10.48929895269676,4164784.133334,0.001,131.75903895414842,1567.0662114209435,1.8886215934795878,0.008684801237000989
Politics,18.07034970138889,14585.622273,0.001,122.77084628749536,339.73682635131354,0.20728651296183884,0.017102967235031193
Politics,199.97367275934027,133088.083451,0.002,74.29013507802013,665.3745289707326,0.23139269129260145,0.04729928519087606
Politics,364.6765713573958,38246.824882,0.002,95.34548281715706,567.9296353938973,0.053582471134264585,0.1305373428702577
Politics,49.06222282135417,24453.14798,0.03,58.56040983227775,141.4177233574209,0.25148931124467905,0.07510026185569402
Politics,9.461152747777778,18096.548247,0.001,46.2451890190158,116.29851623372197,0.7688119042365624,0.32416160566088653
Politics,41.04084468053241,74796.943949,0.011,98.32648620860016,641.7202530194147,0.8319151710625571,0.05571178420980755
Politics,172.54323991809028,29223.509523,0.013,29.875125885995754,160.00888425260896,0.06520806680790198,0.02955154641439786
Politics,300.5102746019097,404044.254409,0.002,213.16780228967667,311.80125741925457,0.23205758261058634,0.01079700943361859
Politics,210.23024474158564,170929.787783,0.003,65.28590206578141,157.76475521236642,0.27037301919001405,0.16865796137303887
Politics,28.99656732333333,186675.91592,0.001,130.94952701415932,1254.646479600793,1.2572966472089409,0.0629842824952016
Politics,162.09283683504628,555982.533389,0.03,112.79589127337239,274.5472135923593,0.8631413607845533,0.148302584924232
Politics,112.00464992113426,1663225.415995,0.003,302.16212285983863,2266.4937243913278,6.00458349873737,0.0454530652207881
Politics,340.56711075725696,381654.783264,0.001,85.70887447657337,562.8314245251139,0.2747351041678453,0.01662859145755459
Politics,74.25567731030092,21118.2074,0.02,80.37648573279527,230.17371477614353,0.09720214010393695,0.06002865139730236
Politics,34.09490263782408,20809.262707,0.02,262.9682158542573,448.42586067187483,1.0501712893829072,0.2936973074646044
Politics,287.78316375546297,38990.462854,0.004,60.349006445182766,316.37260029626646,0.08019848442525764,0.06645713528150188
Politics,50.21249921570602,1802.383664,0.014,94.35660849987629,587.4593247114764,0.05757790324581721,0.008664931905528885
Politics,279.74704967126155,169864.617364,0.001,36.640745174496374,138.87746624696499,0.25709286863097347,0.038936355091677595
Politics,327.528363536956,2033151.087977,0.002,108.4867573602834,765.9682395926719,1.2060413020904315,0.011323846162867432
Politics,315.71733139855326,12808.890785,0.029,59.191106830229366,178.05525321108865,0.020149537517264563,0.14859784107735977
Politics,78.08340836429399,22078.746211,0.007,71.03519395339474,152.5779522573581,0.26973814893144665,0.05244973295485416
Politics,60.23067622354167,107910.058805,0.02,54.89424887679831,143.7291836272938,0.9969378100968173,0.14314575795487053
Politics,274.82570370681714,165574.116256,0.004,144.99434774199676,518.4386972926845,0.10509899846787335,0.038324154551569664
Politics,161.77382002020832,237661.216101,0.004,58.53274281269077,248.10324509799804,0.3928901472895512,0.12967542345969832
Politics,32.43441730251158,87150.870846,0.001,39.92701719044696,190.7145080133195,0.576931482102012,0.010187863668719993
Politics,349.6671503588889,91453.689228,0.004,60.42711695909093,226.60416519095213,0.0961507796354471,0.23126654088359275
Politics,50.21244382921296,42858.187077,0.005,35.41866695879802,197.3380345907172,0.2374565224043493,0.014884345927761836
Politics,246.3343953677199,463630.545501,0.004,116.36085458509041,580.9625938276665,0.2565021678733518,0.06541884890014428
Politics,256.7452201057986,2272968.990271,0.02,25.60243809842473,331.16040054703296,47.449834980018345,0.0016439811890621844
Politics,342.7909360186805,97971.559106,0.006,43.08635727234829,167.78798888082062,0.11887927573677352,0.028711428324672546
Politics,68.11795078218749,16969.74269,0.1,221.4891661902844,878.6584846700136,0.07373349438086561,0.32513254828200955
Politics,6.169318204293981,172977.54858,0.001,99.40894674791521,534.1743681139567,3.7907553089900414,0.09990217834067337
Politics,39.06191853916666,20456.404048,0.03,78.46263596715491,254.54295233543488,0.5247047032715298,0.12662225796273946
Politics,10.491183366967592,1324014.527801,0.001,162.889429834399,573.0048555453725,176.3806686787128,0.37631135447975333
Politics,49.070349630578704,78208.175053,0.001,39.4351692708501,183.62838285017204,0.7266824507029223,0.05834812777615312
Politics,103.51784844046296,158540.033049,0.001,85.67847513841645,632.4992312672113,0.4299399532861235,0.2928365168883263
Politics,5.233978329618056,8269.788211,0.001,103.93444518452891,389.6131287119334,0.42343310149064134,0.1472741440266562
Politics,9.034720794467594,1126985.074396,0.001,180.63249356736665,802.6992125608078,154.3051126427322,0.2141059868484221
Politics,69.00234622049769,57979.203358,0.02,457.5925110513991,4536.998829435411,25.923600269605444,0.1562640947775332
Politics,35.85201193938658,63730.551296,0.02,175.28027789316906,1082.4702551294129,1.8339057745795886,0.1863216300258971
Politics,335.5587389751157,1472585.278671,0.001,130.41694165886165,1006.3715871782491,0.5585379066334382,0.02818490684570995
Politics,260.80665236515046,35993.299992,0.008,31.632708032074646,114.43300036199908,0.07452982575423958,0.02916641548802026
Politics,14.05795432045139,51841.735303,0.001,113.01513787044344,454.8124850898643,2.298710775966918,0.1254122182032226
Politics,294.79278814292826,169139.8788,0.003,127.24007954297431,505.39924501965237,0.12265367091236865,0.042165843064686556
Politics,8.270520122175926,12529.671214,0.001,91.02693154352765,627.8636490308324,0.5634620083068654,0.23542908019281697
Politics,15.97791420085648,766420.81141,0.01,166.8711379529406,820.6812147817875,32.69944846930249,0.2613467526011049
Politics,9.973270589097222,251464.223272,0.001,37.862965115528134,234.29215004538014,2.6034133641886026,0.0034561570319203306
Politics,125.92323692300926,6105457.486417,0.001,338.3434176305085,4019.013066231738,3.965019714959138,0.009147867928270392
Politics,62.90914718199074,89743.919251,0.01,100.40043969899779,385.10335128155776,0.5155185809604401,0.07045304488460813
Politics,64.25318825159722,109923.949718,0.002,63.37228491483309,350.4385141368361,1.1330340310712468,0.003106351136360406
Politics,70.0317448858912,27149.970671,0.005,88.56287671311821,218.2759935722168,0.21387364021993147,0.04118589349510733
Politics,47.02734822811343,15393.610143,0.021,100.28465411193217,461.2576177347904,0.15731662780571398,0.12822399583680746
Politics,54.99542399224537,2142565.379192,0.001,176.40158660980097,1994.5062720320875,5.239509123262213,0.1667389789002921
Politics,56.33726056699074,284348.156402,0.01,105.7305146981833,341.39861507137823,1.8386378716908605,0.12982497754557995
Politics,119.96095466031252,16769.883532,0.001,25.09899023773416,57.90591841802737,0.3603449015486251,0.09941272049512188
Politics,152.22045908179396,50163.010134,0.01,69.5959951647687,166.5014608275184,0.07999591678028115,0.03673300146681822
Politics,67.46941667320603,11740.660912,0.02,103.32366884305802,316.38151142897436,0.23479994768775506,0.08680213006486531
Politics,10.365873257685184,11638.802171,0.003,56.45491140985105,238.11606048757025,0.6130351237390499,0.052647204545431744
Politics,280.6189049748264,39727.796504,0.022,60.65616798841688,373.87182073513515,0.061529438994837954,0.09727065577183382
Politics,182.27881796758103,127541.889762,0.003,119.46140456903504,497.65856703153537,0.12681520738366592,0.018165843590292073
Politics,50.09522297876157,231260.877536,0.02,62.173005901428816,248.20248826202368,3.281896294265032,0.21458597355977302
Politics,37.9900030233449,170449.328793,0.002,96.17422206583689,590.0380787818431,1.6252773442103414,0.1706800587782065
Politics,32.30118281383102,145637.779196,0.001,93.50458122376662,348.11401233261546,1.196833898609223,0.07116488565056797
Politics,126.07371956601853,164254.208841,0.004,378.52863926939676,984.6910715712646,0.0896167149319488,0.06279307344466561
Politics,126.94684435872684,235947.811644,0.001,84.31337966067692,303.59699100354516,1.441822611660381,0.12065135252812394
Politics,158.12500627534723,237275.137461,0.002,39.28322677516233,156.36887810417636,0.5521932746182537,0.014728099687703057
Politics,154.10001926523148,1049409.79205,0.003,297.84060142114805,318.6561116457732,1.570370391050145,0.005333840519314546
Politics,73.08087426373842,62233.212192,0.016,60.36756155481271,374.63945567314084,0.22437204507073868,0.029877785171267324
Politics,30.988447198460648,415296.206083,0.001,5.671928023430305,58.122053462973604,1.7163230335525952,0.0019998830401883392
Politics,260.7830520511343,53354.403996,0.022,47.38953909492986,185.8504107056427,0.09712214941730571,0.08753236424796727
Politics,98.1976151369213,470197.381972,0.01,119.3766115154768,436.62757669971876,0.8967206840777605,0.07032704182786882
Politics,169.87082719949075,163678.086426,0.004,82.49368425045343,537.3994072037964,0.2407819936943846,0.04567171797900941
Politics,42.19094576354166,49576.060947,0.003,96.59709694487697,207.6479418229475,0.16875777385515042,0.11462434171066307
Politics,330.7182843960764,70900.240513,0.006,63.894720404082015,281.4128137041842,0.09744870897225981,0.020637369579968697
Politics,216.57153325762727,195984.345837,0.003,131.03588871292376,345.04079493268057,0.20817347107698092,0.011144546772861943
Politics,6.309809643831019,4775.841398,0.001,62.10149578680113,162.4423669567907,0.41973118855028363,0.27006329791325284
Politics,112.14673249200231,89097.249449,0.003,88.16087669354256,370.47721129758656,0.23826446886214925,0.026111395816013194
Politics,295.7592490566319,85664.669614,0.004,21.921200349647624,98.63170987993117,0.21104228237903883,0.01577992936959946
Politics,56.27738587827547,20590.139861,0.01,42.88649215844506,183.87153476352125,0.2210030719183869,0.05425053441675598
Politics,7.284335656712964,11632.786758,0.001,23.115500386409746,98.53071274101137,1.7699896662279966,0.2255268866988591
Politics,315.5063056171296,773681.639118,0.016,123.20748915158566,915.3761692443519,0.3609897906872897,0.14725595490987878
Politics,31.295462768206026,290780.828895,0.001,108.67549338442417,484.3842709318748,0.8874843591265686,0.24772360884267214
Politics,181.05744300968752,4991.781703,0.053,24.278569622341333,111.51918043562094,0.05070359886078232,0.11982410183547333
Politics,42.07564553884259,19183.470298,0.03,48.35289576888515,191.32750162262687,1.0971331732806102,0.19535381749784095
Politics,10.049298738831018,94708.859921,0.001,26.48857514371774,215.75675674796025,3.411132446518744,0.09108391802487963
Politics,29.2987514184375,4234.994414,0.02,43.758377292974984,175.93826226416414,0.5674461852543562,0.10586044865778049
Politics,40.99948059166667,91757.16476,0.001,112.99037910365062,519.5377624009806,0.971497799746523,0.01867917503546488
Politics,159.16505749341434,164439.277239,0.003,51.69870421514699,169.9587560478095,0.21873161247409756,0.07225942872094532
Politics,138.0224309473727,365511.133119,0.01,113.59573161867219,346.41108602245674,0.5524775988274067,0.08988991600350134
Politics,40.21184036381944,20397.30345,0.007,42.85626651027827,143.68923505864305,0.6020401902351112,0.014947763465022072
Politics,358.66974438568286,86474.680238,0.002,78.05893649343754,247.29441024645857,0.08902649298085609,0.11535667461777022
Politics,168.3693177124653,74851.962924,0.002,89.63054455778986,773.1223850465765,0.16459607937871124,0.06168674411939886
Politics,10.53230760508102,1318160.769963,0.001,207.10296648716525,1614.7942729641932,10.47115199760757,0.022301776007020546
Politics,362.8103120869213,58694.526566,0.008,44.47795536868046,178.5170444755158,0.061874207952847274,0.08500946571175476
Politics,56.919863046990734,77284.944802,0.001,166.21120842130563,818.6523225864244,0.5866926419901094,0.16510023192012865
Politics,12.200875523460647,22071.913565,0.001,33.73037121342622,91.34976385592363,0.9443993620057644,0.04013489507117512
Politics,147.13415061189815,59880.348868,0.004,141.9614239161486,364.2945872555197,0.09835648573407006,0.09309791897855783
Politics,258.60651628449074,117016.789568,0.001,307.6741029178644,2137.400405442427,0.12264429645546797,0.19434912902520876
Politics,160.75476222672455,58240.775444,0.041,25.96141154785832,172.0849249820099,0.20690480900894095,0.029646571113837266
Politics,170.31017388342593,88203.714628,0.002,40.51232605018048,183.69072531610084,0.3517590455951017,0.007399932180890757
Politics,57.17825590163194,35836.961564,0.02,39.927833856677196,121.01057571831612,0.2898796702407452,0.10080566348980273
Politics,6.226359041944445,71317.565536,0.001,48.682001908653184,194.3065547610632,4.340694006309148,0.19409863439821037
Politics,187.07152183222223,47457.144475,0.002,66.34434452916321,205.45504473240482,0.09398762397996553,0.07171532977704316
Politics,366.5466796575,48597167.407247,0.01,777.4169575414185,6258.888724621053,31.19151590767311,0.001540935115062214
Politics,7.130637194872685,6493.033528,0.02,41.97310300012184,70.25635096685888,1.4079601402647082,0.15328905766454218
Politics,183.24407252452545,202345.913916,0.003,101.22208376998773,304.70616949509554,0.19288308834282597,0.0826289397357648
Politics,8.061845649270833,11667.297051,0.001,89.4787359115102,275.75630742773615,0.4266852831348604,0.07578206474100452
Politics,25.32167704385417,1456941.034445,0.001,116.48106288676067,684.0839809030341,25.91143471614023,0.028520407813317838
Politics,6.233952675717593,9740.632442,0.004,279.64327132143956,1171.5063500005808,0.2624460072016434,0.20258989805469826
Politics,29.082781655069443,1835.547372,0.01,66.02229180875527,140.63298720871052,0.25404895339775047,0.031572219295112815
Politics,5.1426331637962965,3068808.147375,0.001,204.2029265574592,1835.4220345273561,38.870845138552966,0.08298919012699135
Politics,36.23105734494213,3436.743792,0.033,129.56599729967527,374.39439835210106,0.08911282612045456,0.038575246797788613
Politics,30.2047006490162,296084.225371,0.001,77.81306837584893,325.84036170794377,2.418262047878809,0.17453781762607312
Politics,350.451822999375,1590655.950819,0.001,145.8716724113777,455.927039358049,0.5056362145196472,0.12862798960711247
Politics,160.7629449719213,253001.350423,0.003,163.44773109124586,652.3237861620806,0.20741456375509748,0.021036106902555918
Politics,364.7126848041551,758108.694244,0.008,297.9990830355175,941.4969190798802,0.28899061358487077,0.030955951419905318
Politics,7.1307476823379625,4829.757574,0.06,34.26097200443069,56.33062295609697,1.2269343752673758,0.10707810720570403
Politics,159.19215771717592,31814.233069,0.001,40.5982479042091,79.87013090093747,0.19496995672523115,0.22595394217301956
Politics,5.065770611041667,11989.1913,0.001,107.0456483892734,409.1971077460369,0.4530640995538858,0.06172356312969021
Politics,348.8437289478704,818612.258873,0.002,151.33835072477407,1422.0475831470717,0.34295736479791866,0.1489842136947062
Politics,88.04743808927084,1349217.51038,0.002,230.1543735245618,1049.6572598182006,2.111108087795825,0.06187401842633354
Politics,9.142629503298611,55568.176896,0.001,80.5267700741091,297.0298274419461,1.6754205172528422,0.4318084242163249
Politics,191.9371831055324,1577212.012003,0.001,224.70785224417384,1682.5802656716648,0.7086625333268242,0.015596320412789967
Politics,202.17531193212963,60974171.348512,0.001,1022.0042597339177,12237.589055159964,34.30636344923801,0.000819426509330009
Politics,12.241329488923611,133349.535608,0.001,64.88891405431995,205.082190446347,3.7069812087293426,0.28246584125993857
Politics,11.243195379375,162408.567509,0.004,107.0878088374804,497.09098278864593,7.173473236635463,0.14005148485764277
Politics,295.6535563724653,537284.62034,0.003,74.37353857583331,821.5068318547535,0.740441638883651,0.03725411126040996
Politics,168.36931732832176,127194.581757,0.001,94.10231877110975,345.115840819096,0.16329966272548774,0.05072842750821599
Politics,281.7278360855903,48819.90855,0.002,9.542190302488835,42.95232770982063,0.18282406415191566,0.012103121147193334
Politics,74.46989356664352,444111.20335,0.01,127.59595546954549,576.7248044475479,1.3844490377386962,0.2778125822040824
Politics,126.26892474099536,394768.816939,0.01,79.70163112683315,163.78806595734628,1.1970851773987128,0.22374215923602614
Politics,312.56321883271994,17062.481392,0.02,13.86816258423337,59.837328916198395,0.11201939836580727,0.08252058017738019
Politics,52.971888734479165,265242.325319,0.001,95.13134142597907,463.33337160393626,2.530092055717328,0.11305349057419854
Politics,58.130854401643525,377766.126109,0.001,113.36036518761117,657.8983385418871,0.9726396680407042,0.2088389632398172
Politics,333.5131474241551,159081.819793,0.008,75.7388702984308,300.00146904217115,0.12586570790104967,0.04603680312669951
Politics,69.00236575520833,98417.68803,0.001,113.85357082828163,737.1685702211894,1.600385589978404,0.14998324989242495
Politics,72.19877462332175,100196.595126,0.001,62.79888704703296,369.3821608032276,1.6371552649382464,0.0628664969463411
Politics,126.96197596751158,7598984.9543,0.001,392.3719917778754,3303.6124442230066,11.3214240338737,0.011169377777879675
Politics,334.61156776074074,243031.683962,0.004,120.06328928086526,2007.7384281042766,0.11946036483891549,0.03784875851606556
Politics,46.14538007756945,22642.184216,0.01,53.011202211971124,177.24092337985195,0.37231892687069895,0.09455150793525137
Politics,33.46091221936342,26822.474195,0.02,146.00910303978614,650.05566547082,1.899892039932403,0.19508261620460887
Politics,23.42769312506945,116840.980666,0.001,652.3635335459956,4138.635844252041,0.7604286806536472,0.0029962999284791703
Politics,43.23450191322917,26728.879183,0.02,75.34941577583615,166.23801367460976,0.3502069074291596,0.12101760210730472
Politics,89.2972240336111,90005.677301,0.003,31.185751105429116,97.6677443967339,1.6228619107217357,0.12234264193007957
Politics,10.48304542425926,208644.129384,0.001,111.81795101383958,1169.7085283229917,81.37064328014104,0.032567696790901546
Politics,47.02732548471065,274372.942991,0.001,130.75273336824006,1348.1005734602902,7.822183492234575,0.29635415462180553
Politics,7.146809584444445,6940.157991,0.001,15.017175130061254,44.80731995604553,1.1008248541789298,0.23118716269700912
Politics,42.02215194969907,150550.355829,0.001,206.3007923160872,893.4209413098488,0.30996184403372185,0.20531804232633027
Politics,74.10146404123843,4194774.675777,0.001,255.67329079034394,1412.502502329799,53.56027018180736,0.014530102621995023
Politics,359.7154492555903,355403.974754,0.007,17.400876716902424,230.46298847914386,2.853268752237042,0.02600576847423041
Politics,366.5553906904283,2357113.147072,0.001,106.36190041045863,1220.5390465461371,3.759586946714121,0.005493303018475711
Politics,122.26139529070602,52895.970686,0.02,41.598671838634004,300.04302095034444,0.2534666175315843,0.04909898407027513
Politics,172.35188224347223,38914.721296,0.001,57.24837102814641,178.57900771933745,0.10198324075410273,0.0601371367480311
Politics,6.138207746435185,6790.534088,0.001,7.949567814827079,23.66341708334799,0.44990904616504995,0.1481591527995038
Politics,320.51496695615737,197918.893594,0.001,28.827374250403317,149.42117734821906,0.25314072707281937,0.037359761798544
Politics,138.1776149252662,70150.373011,0.001,327.04242836756873,420.2787032697674,0.05882661414068081,0.019075640887387082
Politics,156.2882481732639,355311.843209,0.004,173.92559290546353,661.0706948705883,0.685743605516118,0.182391600096413
Politics,10.493330068101852,613250.72721,0.001,131.46349638557083,768.5396887285491,101.32967045339397,0.15152648319348955
Politics,232.63306616414351,69558.547379,0.004,90.55330732053181,434.56760107420297,0.09139666873224858,0.03966579112694386
Politics,295.6509192826736,108495.887398,0.013,41.24399736220243,120.72264478973749,0.14758775812508468,0.1293314844507478
Politics,364.7098973186111,2116200.372903,0.002,146.3514159348121,688.8137519412005,1.170031590852953,0.08931936494190006
Politics,162.0446792616551,320625.452216,0.001,436.5145259788801,272.21462142674034,0.22037254311063595,0.005086746845854263
Politics,211.07109380646992,467317.829442,0.002,361.23803566742833,2608.9134223114047,0.28759477424841556,0.08128469338759746
Politics,18.27035937457176,27529.317942,0.001,82.65555388848973,333.32745173998,2.9482250306029205,0.10556602466532784
Politics,334.7087880948148,1117912.087671,0.003,87.4432780576118,573.128558475767,1.8786955507062015,0.008340659172598968
Politics,26.18056984306713,589124.556085,0.001,688.3499549767326,4607.861132129354,0.47644588538722227,0.3432092842518025
Politics,133.94645638850693,1392872.528053,0.001,185.72728715709468,1222.58230561079,4.928228564669857,0.005484612902534886
Politics,22.127343329236112,36134.695188,0.001,92.18963155555817,312.17526362627,0.7388204795852236,0.3913224892813642
Politics,216.5715332918866,1342626.597173,0.001,105.8230231448569,686.4900143808143,1.3636342975237916,0.008781565342572241
Politics,33.46106863577546,26567.820041,0.01,110.19490114497725,362.2007285544538,1.7704606734949067,0.13939887271283863
Politics,10.490837480590278,1517050.436251,0.001,204.4776763802262,1325.185056922503,140.739350722462,0.11432381567180307
Politics,336.8600163003125,3487031.163555,0.004,301.1621700225287,4841.240357850451,1.5035935886769378,0.025725304782947805
Politics,330.71823678306714,440665.960031,0.005,66.36542169335162,335.0581323377672,0.24336417450010234,0.06418870500346868
Politics,170.20294918438657,17359.080374,0.006,81.63896848475937,239.762277204352,0.033051674024084515,0.017464902352656932
Politics,194.50518876600697,13270465.032302,0.001,66.02172064186047,210.40697444252564,0.6488037068895168,0.0008881640170945408
Politics,131.1747354852199,94686088.644393,0.001,1193.805903300097,3911.833172855594,26.964110768567036,0.0003546978335764343
Sports,7.643064688587963,447.0,0.009,148.368,103.88413896259621,1.6478486420506562,0.004242640687119289
Sports,6.576218278530092,301.724135,0.4,99.33333266666683,80.42525942347528,0.7251242110917148,0.19327593554870962
Sports,5.40890441775463,77068.05237,0.001,114.72521207770777,399.66706915674195,12.365886521283498,0.233060905504964
Sports,7.519058784131944,324.0,0.001,39.426500000000004,42.185226877190665,3.525954946131244,0.35768736348940255
Sports,6.068286735798611,8383.782444,0.001,144.66582545234382,267.32006877170653,1.1537757157682682,0.19587072576458045
Sports,26.84476922986111,62576.243907,0.001,524.6912333048257,2716.548102938105,0.560583675469147,0.1668655912472511
Sports,5.111284074918982,2200.0,0.486,259.10362499969995,447.1384941478647,0.45530717424984984,0.46597831305977033
Sports,25.984670094502317,44236.356583,0.001,201.22980725043408,926.8041329263536,1.6621594881604116,0.21829489892148538
Sports,25.984670026585647,29595.558059,0.001,64.44278301844795,300.11114184636483,1.9903136437265136,0.192167662291946
Sports,27.269304160532407,237092.737363,0.001,62.30874212365678,474.5078260751726,6.521149980803541,0.15377079447093261
Sports,7.807612118391204,180279.201413,0.001,177.81772361683065,751.9302683820331,36.16517427662251,0.1815875134364385
Sports,27.310354164247688,30038.16695,0.09,184.6334162377495,786.1903260296193,1.415322710792172,0.2476106797564275
Sports,13.38466258403935,37103.236936,0.001,93.83160992291332,367.482757882213,1.2482725395044583,0.15442978200219193
Sports,6.455320806377316,20180.867073,0.001,86.52252209418809,315.85412110507235,5.7688317078232005,0.2894205347751339
Sports,12.476172830775464,11280.119126,0.001,83.909470049312,174.42132820701087,0.7851500024233025,0.14092589463522454
Sports,13.40135537357639,1586687.8494,0.001,436.7397375592179,3604.431026860099,96.0,0.1913632815988327
Sports,5.315722228715278,3215260.367311,0.001,734.3276137290188,11045.44825748388,46.22733576454877,0.20136789567648622
Sports,6.411501246145834,2540.999,0.457,317.1222501249754,794.3602548761677,0.316779409338393,0.016181312915068035
Sports,11.348221113483795,200.975605,0.02,62.79048405358538,244.64777524440743,0.4054446554214392,0.3340195834827255
Sports,6.371397837245371,3994.0,0.008,664.971,631.1753391190122,11.986681465038846,0.004242640687119289
Sports,13.43441840988426,39251.389471,0.001,67.67979557323683,195.58833523546573,0.9905884921133564,0.2660463445517892
Sports,6.369835162662037,2601.0,0.001,639.37474999975,1070.5290005754127,0.1785559289248205,0.23768064022470148
Sports,6.20388332431713,1241.721622,0.001,91.56011385751127,82.18538925260269,1.6216216216216217,0.02498975401310806
Sports,26.12964163106481,14425.840197,0.001,83.87242932768481,236.7412179130147,0.6416852339477416,0.2554221792291642
Sports,10.381925812430556,310794.695129,0.01,261.17886103172566,1495.427738842152,570.4868154158215,0.36842845403195956
Sports,10.843093545277778,2436.847438,0.001,31.84251221739415,82.65166108289446,3.0560271646859083,0.09848954371272105
Sports,14.941084073101852,101898.892262,0.001,54.93473094601881,299.2371170874424,4.64230572908189,0.17819310164806576
Sports,13.896552022106482,50734.889531,0.001,232.1122213863619,938.5925928756296,1.0233951048163743,0.12348586745137505
Sports,27.18619112435185,332486.90389,0.001,127.38800890078598,589.9487072061197,8.217196516502558,0.14081403529471614
Sports,7.665005953831018,38139.806047,0.001,157.28562998492686,349.5674920687798,7.882828086224515,0.21001150077602074
Sports,6.2274083442939805,2337.491846,0.007,44.035298817743076,75.86818261669336,0.31728650597582964,0.2070306062663261
Sports,15.090477969351854,6923.36968,0.001,52.343466309032586,109.37627595936578,12.826603325415677,0.27069134227271213
Sports,5.578295181261574,200.0,0.001,,,,
Sports,25.811967302557868,3276.089385,0.001,121.73341644973918,411.0479063865426,0.17883933273057853,0.12085585514998436
Sports,5.390876362847222,2450.58675,0.005,303.69721288762247,624.8590977045988,0.0987952468509015,0.017714106779337453
Sports,5.069610755729166,265.40314,0.01,42.87644716706066,41.11382195413723,0.2920655524906701,0.3247476358930144
Sports,6.284455598217592,2745.7,0.001,342.02801500339046,414.4090442198938,0.16104950594708853,0.028987372638994986
Sports,7.347233881956019,3509342.865006,0.001,331.8682082616864,1365.9195791931063,465.3086547409782,0.22982585942860598
Sports,10.720883504699074,39657.774059,0.001,191.08376647237517,309.95633710688645,0.5393747016540128,0.2023240840728436
Sports,13.535802648159724,92322.16346,0.001,113.9907909473206,1244.1507523595665,1.3854152456307882,0.22506033182132174
Sports,11.847226673078705,1268.0,0.001,99.534,98.466,12.413793103448276,0.4945
Sports,7.575994289594908,19670.395547,0.001,108.77143880487202,345.30391099685977,10.785531603945927,0.3586560140504643
Sports,13.603413121377317,76954.650203,0.001,217.33376672630354,1159.1027812018478,1.1858815480441982,0.12205946104872911
Sports,13.401403530949072,375330.748536,0.001,184.02942760970882,977.9192507782067,3.9412743418417664,0.1607497360933275
Sports,8.54827486087963,2002.370869,1.0,70.39830678509054,107.11507181731125,0.5698392239332475,0.051026983444178844
Sports,7.685834755740741,98944.895815,0.001,180.97964096996694,548.0382870829205,16.75765760588472,0.23021708498647217
Sports,6.145174812164353,19168.716024,0.001,59.0793270864623,236.18260065175895,1.225271862446846,0.17196841656781692
Sports,6.37165152375,4016252.826012,0.001,559.2698863646198,3778.81664202468,263.88318770890754,0.30591812260458157
Sports,7.538654192766204,2822511.410972,0.001,442.1519525798951,2352.281682613903,290.1915264074289,0.2552605200546558
Sports,6.371648636006944,2882.93687,0.001,284.15736620002224,616.3678979799136,0.0877079714364373,0.27600641953653815
Sports,5.069609268402778,105.0,0.007,,,,
Sports,6.414908146412038,1523875.347736,0.001,303.14324867183007,3795.7311877694005,138.2063882063882,0.20856578236537088
Sports,6.240384741111111,2990.344547,0.001,36.36761296101811,85.19975697080905,2.735643829901362,0.26594436518247216
Sports,5.84667390425926,39.128018,0.97,14.154051373055303,57.56050419649873,0.05690903028277043,0.2872150292277714
Sports,5.032278136770834,27066.71538,0.001,143.11224600037175,873.4629369360987,0.8281913039913081,0.1026082293278542
Sports,6.391712611284722,75.0,0.03,68.16319483036928,140.38300506443164,2.6595877889359145,0.18308787600154114
Sports,6.410805194733796,2426.0,0.001,1204.289500004,914.589499996,0.044010856011149416,0.0245819672
Sports,13.400879278877314,674793.177192,0.001,105.48736994377239,783.9578489316665,33.5893588911033,0.12351872472100607
Sports,7.331650860625,1916.094817,0.005,44.42565638709679,59.122291184965775,0.6526850151474389,0.21084507040938935
Sports,13.385404999548612,1113.234372,0.01,160.08682353984608,979.4428714512584,2.714666509144878,0.2783296932324584
Sports,6.351189819293981,2167.0,0.004,432.9126000000001,630.4188806777919,1.5641293013555786,0.0044090815370097245
Sports,5.120045415543982,27.77,0.01,13.74615,2.747250000000001,38.29787234042553,0.0
Sports,13.33788594449074,195868.352572,0.001,283.63201102336404,2449.0660081694623,1.2378446667207545,0.2059151854889979
Sports,6.11641211074074,3382.372726,0.008,360.77799987429876,380.3807653839923,1.089835767804435,0.265466627962473
Sports,6.329732828993055,2364.0,0.001,11.374675324675325,13.854347325070089,14.464621164683782,0.11199079697389293
Sports,6.41367884744213,38677.391959,0.008,64.08696887658249,244.6593551441842,17.15948621889216,0.3045743813331249
Sports,9.054535266608797,2819.364775,0.001,135.30062814646251,331.8783349545477,1.0097043809951198,0.2577625407856546
Sports,22.549395549675925,12105.358944,0.001,27.99905589905892,102.61662075801324,4.861921762766166,0.019466927259065812
Sports,11.731571579016205,2575.0,0.001,214.15441666666672,350.63635009257536,4.384006494824437,0.0023313420074188083
Sports,7.956881619085649,156496.775575,0.001,74.62347959866307,205.2240827329003,37.38148984198645,0.19442112082795523
Sports,8.548363193206018,6544.259097,0.001,63.99162328955267,132.19007393915453,1.090013784531047,0.339398363346009
Sports,5.087318254282407,16.810961,0.07,24.98699900001595,58.02616270936619,0.17488207604455605,0.16211419805891603
Sports,6.157051524490741,2400.91,0.001,342.5584542857143,677.931639148537,0.8279124778237729,0.008344618209434426
Sports,6.455845713472223,722965.631469,0.001,178.09889399192892,1049.7427798360493,13.174880568535903,0.31673942900206814
Sports,6.242787649664352,32675.69818,0.001,3270.7482398,6164.473704650172,0.32697547683923706,0.37248355668405014
Sports,7.538654224976852,1396321.48422,0.001,428.907893039766,2633.0514089303606,10.589642228349334,0.2134456305775343
Sports,7.992423460416666,117946.721418,0.001,361.7399132573965,1509.786176934807,8.205192840937737,0.26675173139108704
Sports,16.05928175408565,941.95,0.001,233.01599999999996,347.64831550936645,0.9445100354191263,0.03539332564199075
Sports,6.369835250543982,2373.0,0.001,592.63425,684.9876902318665,2.262727844123193,0.0038971143170299775
Sports,13.403618112824075,68977.837922,0.001,134.8199374799873,707.7004052285047,0.8814077067489738,0.18774879449711032
Sports,6.578842915821759,230.0,0.001,75.0783333335,86.92591542342984,3.19337670017741,0.0839119173533095
Sports,6.079161232743055,80.7033,0.001,11.395846857142857,11.53716316605939,1.2563565659587197,0.014389622110736484
Sports,6.2005689432175926,200.0,0.009,99.0,16.83,13.284132841328413,0.0
Sports,11.298494521145834,265.126246,0.01,37.533300313493356,94.11374129897483,0.33909461284428655,0.29466630754032086
Sports,13.517005414930557,3760.77,0.064,73.46774832621354,235.18445874853236,0.4936360420949032,0.30480108361489977
Sports,6.398315957673611,3109.96982,0.005,136.30710057859375,411.4352655187578,0.26414263702399293,0.29427853981260804
Sports,11.456833244363429,5654.835528,0.001,170.94766803443665,526.9775100585221,0.5447771318840731,0.18796396347797353
Sports,15.066938150960649,4821.678346,0.001,47.47380586206405,311.20951606676823,3.870436453472413,0.011790909081304101
Sports,8.556554849386576,1148.466393,0.01,73.06679491120249,584.4984438877071,7.348442754788712,0.08979943756913478
Sports,6.285736225254629,57.5904,0.001,14.006272999999998,14.044425964488081,0.025291200067443204,0.4142689343892443
Sports,27.0069826483912,17160.0,0.31,181.8229242308838,1013.3306395408945,0.12733217863725185,0.16735766490053203
Sports,12.476174446006944,172960.369066,0.001,357.56893416849533,1410.1272289102867,1.7887704963286037,0.25098239566309616
Sports,6.160241528344908,22136.440554,0.008,37.749110968500425,76.90332205617807,12.28595890410959,0.1927370831371576
Sports,7.518006583217592,19795.103278,0.001,120.66536738021408,347.6073721858115,1.3836004516908689,0.22601459691653134
Sports,154.29177707725694,7267.13278,0.016,44.13014974723214,167.15271847268974,0.05387342341806318,0.2063037679521095
Sports,13.61730178351852,75533.783986,0.001,96.14258918845904,363.15669864308,1.1773393106136707,0.0813175573591025
Sports,6.220579063530093,125.70185,0.001,11.689333000021014,5.994691515674453,4.176334106728538,0.0047140635455461795
Sports,12.37029065855324,17602.206622,0.001,71.43459692172499,176.14378358288695,1.7096547385560448,0.2090060269634012
Sports,13.658478150925928,121608.833373,0.001,329.45295287574936,2194.1772284964363,0.9299293572977503,0.13278412683393806
Sports,6.365387954305556,357.24625,0.009,111.34546666666667,84.10840589641177,0.05159958720330237,0.018856180831641232
Sports,5.123936922708333,67719.259947,0.001,545.3413691785055,2959.0982181242352,1.0126454733235932,0.2634334459732313
Sports,13.487103855092592,878.891297,0.02,101.47099444631179,828.888034823456,2.7447560471841004,0.12658186611270528
Sports,26.79797501203704,52989.63876,0.001,294.8211790775808,1507.191121050567,0.9367937060222153,0.20258111626668285
Sports,6.3703532453125,176.0,0.2,82.75500000209999,4.5449999979,0.1332790344674392,0.030290697649999976
Sports,5.048777102175926,2127.32,0.072,249.45779999826777,231.36164945199164,0.34944670937682004,0.3409714198761084
Sports,26.100763761979167,66610.060277,0.001,108.81776515449002,578.7836232209987,1.2470175085546884,0.1567669093473551
Sports,7.810678053009259,64102.579658,0.001,80.90474206651754,377.4501121387418,18.900438215805405,0.3994773081206806
Sports,6.288356416018519,3477066.298702,0.001,207.62729535271768,1020.5587166649717,699.4093876282251,0.23295249538994575
Sports,6.367235991076389,13553.062066,0.001,29.12641186636276,68.6753371940777,6.1189656643814185,0.1574794799913106
Sports,6.415126136354167,3891.46,0.01,252.539425,356.4414463271834,0.584652862362972,0.32958306995354
Sports,8.534542392175926,110157.467564,0.001,138.0761518011829,721.6474677061037,11.440464278567141,0.23528135096707073
Sports,6.16162831025463,2760.601581,0.001,64.17502493747355,219.03694707371437,3.453444451106181,0.25836426430883097
Sports,7.447755636504629,21579.990976,0.001,33.81789048902737,92.41150822653981,24.064761437507666,0.24725165802289353
Sports,13.536296419861111,322.054515,0.03,61.173024614547,195.76910391491504,1.2879939309922879,0.11892343548778676
Sports,13.425762711226852,86045.1705,0.001,129.66080652963652,826.8726286779505,2.4877597872723163,0.19868605559471036
Sports,5.0205501509375,103.135411,0.5,13.91039871410342,18.885418477813857,0.2192715312461932,0.4319296753020585
Sports,14.45381794449074,4434.999828,0.001,552.3815247500002,805.2497196199016,0.296284103534834,0.28972875191503156
Sports,19.024258049537035,1074.320749,0.001,13.45949968744015,15.649307416145218,1.015604337476858,0.09687809553915694
Sports,26.825785548541667,54122.89275,0.001,162.54099970657757,804.341180485615,1.0958449858615271,0.201963498224574
Sports,8.415411501076388,35251.500903,0.017,478.1806597316166,1594.2037680502065,1.9495635305528614,0.27632607064129794
Sports,13.380524597407408,144906.071368,0.059,185.09939012398064,852.1635922736868,1.7658316581237157,0.18628179391354766
Sports,6.350566938344907,65407.810436,0.008,2951.1384998367353,5298.2552001755475,0.48106904231625836,0.31520352791003586
Sports,6.413374707939815,2131767.16763,0.001,295.0615717848011,6338.940487526479,307.65023586518083,0.23262069044944925
Sports,5.069609624479167,200.0,0.5,96.5,2.5,0.04851621250101075,0.025000000000000022
Sports,25.712416295520832,54865.900452,0.001,172.28728925944225,928.2644075061451,1.946112718954162,0.12040645850134102
Sports,5.152942371736111,100.0,0.001,,,,
Sports,6.096403078993055,200.0,0.001,,,,
Sports,6.367233741759259,37.0,0.01,17.76,15.84,3.048264182895851,0.0
Sports,7.150717745810185,15202.44416,0.001,165.11056010989583,860.4403676809422,7.110682885703962,0.36500443174078834
Sports,26.53723207728009,51756.654313,0.001,163.22902246404857,1812.7829192338284,1.8863117914751213,0.0801821627468125
Sports,5.069617978182871,1916.433806,0.001,168.9564789080312,167.1425997137785,0.3061934585942937,0.348230235824376
Sports,10.800045248148148,426.29,0.22,105.506775,116.01872162587328,2.104032729398013,0.0
Sports,7.325568012731481,94883.754253,0.001,114.72264970198289,316.9544344460202,18.404907975460123,0.3887665407588664
Sports,6.36641966099537,2641.0,0.009,878.853,1097.0333849915414,8.219178082191782,0.004242640687119289
Sports,7.227838053333333,68.384135,0.989,23.246699000000007,6.753299000000007,0.12150258192986602,0.20500000289999998
Sports,8.41222599451389,108122.807316,0.001,200.47028197362107,1169.1710395660987,7.754750941514086,0.2115556730721776
Sports,6.121375213599537,5.33,0.001,,,,
Sports,6.098238409409722,42.0,0.001,4.437142857157143,3.0861104243179036,1.697426916341102,0.007569281915715441
Sports,6.49698735974537,61061.061567,0.001,73.67626863226273,162.49239391685072,24.26817436686628,0.15777053000843944
Sports,6.164782050219907,267.1,0.001,66.10725,76.5290127920941,0.5606166783461808,0.0
Sports,5.062216853900463,300.0,0.01,98.66666666666667,77.12504964352085,5.147759771210677,0.004714045207910321
Sports,27.0613702978125,514385.894352,0.001,310.3718311048331,1999.5773391566374,3.011372288162081,0.1589255201182678
Sports,13.199403292395832,81764.997784,0.001,104.36357150263001,592.2926146237678,1.608074319834815,0.1633672941817791
Sports,13.528403883564811,1618.234563,0.01,150.18312616961038,683.6860606357133,4.840681923965952,0.08389682792466893
Sports,152.92840983366898,17900.710033,0.002,360.0596239993477,1186.9702831184284,0.01824382877153152,0.005699703445135625
Sports,5.041397612650464,300.0,0.5,98.0,72.68277192017376,21.599999999999998,0.014142135623730965
Sports,5.243274204328704,80939.0,0.001,92.88511111111112,146.81259216387585,0.07833201168210742,0.15599224418833643
Sports,6.371398900208334,4220.536,0.001,524.1875112494359,1115.0006117377136,0.2962780075303994,0.31356406684075727
Sports,5.178639435219908,200.0,0.01,,,,
Sports,7.552017428460648,20943.280578,0.001,70.77787416332617,497.6234211070952,17.684824902723737,0.1522525525734843
Sports,13.015662179340277,194.410834,0.02,224.47121261533812,1793.6172324068764,2.779654168295393,0.061934074860871026
Sports,14.204529435011573,437.453575,0.46,12.790111117656414,6.868787414109406,0.9115553040007149,0.1145705785810035
Sports,13.20550137449074,19.648262,0.07,191.22226527318483,1329.8803665788312,2.0854314436052928,0.2992896486221625
Sports,16.444131115590277,35306.982841,0.001,46.40678812661032,492.6495621582049,10.590054109765523,0.17528117838722398
Sports,5.191731832696759,16888.282774,0.001,26.57460387483356,49.686124479859345,1.2602345436511795,0.24308767150973773
Sports,6.076908979710648,96.0,0.009,,,,
Sports,13.015665685416666,1811.10714,0.07,88.34080922589881,526.6344307776741,3.0824830888739867,0.19483647910195054
Sports,6.453687991458334,1599.432927,0.001,79.52548866640615,171.89617320910475,0.12195971188900159,0.29884967310844957
Sports,6.367734582685185,2966021.787021,0.001,327.3965271551409,4752.725988563686,607.8616776982304,0.2846164843057863
Sports,6.455226172719907,3723.3707,0.001,262.5923068412729,579.9185490356175,0.2654581137726249,0.4510106845035929
Sports,8.054536968206019,1176.007585,0.007,149.6232998579114,107.30882818704224,0.2109528034957893,0.35279332148407444
Sports,6.392719187777778,969446.952378,0.001,175.59671956164846,961.9423363350262,133.52719503872288,0.25809833616315886
Sports,7.137929060740741,286.617646,0.001,116.24500000061765,113.75499999938235,0.15564875264819059,0.425999999
Sports,6.539197430555556,2729797.738896,0.001,268.20668657160843,1992.2941981149256,521.0142410559223,0.27964444399786104
Sports,5.194266534155092,272308.650225,0.001,217.9032615745036,1455.8543168754334,5.929831714730521,0.21250263559805724
Sports,5.058839416365741,27798.511994,0.001,88.23396454294324,322.2668302618985,1.3227821442334406,0.4471215317393544
Sports,15.067214712986113,38300.879269,0.001,1331.72964250001,2988.7785089457793,1.8843939280640096,0.20364591474381996
Sports,8.05453619851852,355.74,0.007,362.252800002483,27.357199997517,0.06092452973878608,0.02879723955000002
Sports,6.455358502268519,32289.829532,0.001,197.1054248455148,665.7513935801745,1.5522041110913232,0.44163810786968966
Sports,6.389408770219908,30417.66349,0.001,52.15846965542525,145.73666587187503,10.676986514347519,0.2861455267418914
Sports,6.158905833923611,1836.588729,0.001,18.580419374996655,50.592685538775044,2.8655765977911183,0.3780157892226476
Sports,6.283078981469907,6852.412179,0.001,86.44413787490781,211.40423530343529,4.976794707218327,0.28705502309384745
Sports,27.019073909189814,553350.724448,0.001,253.7471019502537,1730.2691485392234,2.0690162829807273,0.20438622493447006
Sports,6.371987017280092,1589435.826191,0.001,205.9347487273271,1193.7653756174732,175.97372125762553,0.30970481737986305
Sports,16.449463862824075,37031.747788,0.001,82.44924911449463,362.21742901605114,18.14404043240208,0.113975762408319
Sports,6.167475172430556,3417.741324,0.001,18.050995173772577,32.33960514997474,0.6379093829690522,0.2910497648353852
Sports,27.033469311516203,369304.861549,0.001,120.08447400032804,657.1877244659173,6.815369789539545,0.19148260448166476
Sports,6.160737606805556,33.33,0.001,,,,
Sports,24.03339949921296,237658.025818,0.001,113.80159089127284,649.1167088393429,3.9764684207457184,0.12199568080939066
Sports,13.936637949201389,43275.703264,0.001,100.901789955352,285.37462688712566,2.8879813302217037,0.19102124794069472
Sports,13.649627343541669,180699.217648,0.001,149.99145755144986,1390.682071346471,6.975521411462289,0.15993130139943346
Sports,6.371651794166667,2831548.703077,0.001,190.39174565014412,979.1996340691495,646.6446328495474,0.25674983513240673
Sports,27.26641729637732,651162.052018,0.001,224.72456306053235,1301.3494250908875,3.19732737232553,0.18242133763406104
Sports,13.01750007011574,1575071.752228,0.001,261.7834281293326,1399.8464572582666,402.9730455807289,0.21430245420197255
Sports,6.3782204672916665,112766.2656,0.001,240.39144229263863,1572.3121804476632,1.8044505529539288,0.305064299917874
Sports,6.119966995937499,1214.0,0.001,99.507,98.49300000000001,0.9887393573194178,0.4945
Sports,6.51567182050926,2676969.581072,0.001,327.4268197813875,1786.914803385016,577.3672055427252,0.2791734391432124
Sports,25.77811246681713,24069.114888,0.001,93.27252705636643,651.1776620991301,0.37706178000893975,0.21573276632287697
Sports,10.031384408958331,26739.854747,0.001,109.32668875872696,263.1546574681081,1.235758703644864,0.24787517900148826
Sports,13.396713841643518,43207.262035,0.02,107.79742811787582,1157.5754559637573,2.7641374111340293,0.17862796639021533
Sports,6.216991453784722,9664.666042,0.001,71.37053742056126,184.2102496144205,0.8528256579921448,0.2298462625584788
Sports,6.081017639097222,200.0,0.001,,,,
Sports,10.926425254050926,1132.991636,0.001,65.78395414335803,121.14754587143533,0.3048817373419636,0.4419734853428019
Sports,24.90655111372685,75478.312594,0.001,63.951393755141105,458.99603518783965,3.0470844964220976,0.1515679743499196
Sports,9.497203078333332,11.0,0.02,17.264446302400106,52.82926830472397,0.2849039553429614,0.27832852469815816
Sports,7.5406819903125,7575.554838,0.001,58.20216472851946,108.3823125507563,11.695363623706315,0.24775187618739028
Sports,27.38983828085648,52.0,0.34,210.47914844828577,1044.6426611578888,3.074436587008181,0.18043995599783427
Sports,6.285738900034722,10997.838989,0.001,42.18939821608058,104.43670072769955,4.21017177500842,0.22979283679021079
Sports,13.009361897557872,55412.934049,0.001,111.00323502566373,402.4303603289917,3.5012008405884116,0.16101403683003543
Sports,10.987545858506945,1596.33,0.001,224.0891,328.92815912297846,1.925722145804677,0.08966741268687964
